<?xml version="1.0" encoding="UTF-8"?>
<!DOCTYPE language SYSTEM "language.dtd">

<language name="C" version="1" kateversion="5" section="Sources" extensions="*.c;*.C;*.h;" mimetype="text/x-csrc;text/x-c++src;text/x-chdr" casesensitive="1" author="Israel Roldan (israel.alberto.rv@gmail.com)" license="GPL-3.0">

  <highlighting>
    <list name="built_in">
      <item>printf</item>
      <item>struct</item>
    </list>
    <list name="data_types">
      <item>char</item>
      <item>int</item>
      <item>void</item>
    </list>
    <list name="control_flow">
      <item>break</item>
      <item>case</item>
      <item>continue</item>
      <item>default</item>
      <item>do</item>
      <item>else</item>
      <item>for</item>
      <item>goto</item>
      <item>if</item>
      <item>return</item>
      <item>switch</item>
      <item>while</item>
    </list>

    <contexts>
      <context attribute="Normal Text"    name="Normal"    lineEndContext="#stay">
        <Detect2Chars attribute="Comment" context="Comm1"  char="/" char1="/"                        />
        <Detect2Chars attribute="Comment" context="Comm2"  char="/" char1="*"  beginRegion="Comment" />
        <AnyChar attribute="Operator"     context="#stay"  String="&amp;*+-&lt;=&gt;/|"              />
        <keyword attribute="ControlFlow"  context="#stay"  String="control_flow"                     />
        <keyword attribute="DataType"     context="#stay"  String="data_types"                       />
        <keyword attribute="Keyword"      context="#stay"  String="built_in"                         />
      </context>

      <context attribute="Comment"        name="Comm1"     lineEndContext="#pop"                     />

      <context attribute="Comment"        name="Comm2"     lineEndContext="#stay">
        <Detect2Chars attribute="Comment" context="#pop"   char="*" char1="/"  endRegion="Comment"   />
      </context>
    </contexts>

    <itemDatas>
      <itemData defStyleNum="dsComment"      name="Comment"     />
      <itemData defStyleNum="dsControlFlow"  name="ControlFlow" />
      <itemData defStyleNum="dsDataType"     name="DataType"    />
      <itemData defStyleNum="dsKeyword"      name="Keyword"     />
      <itemData defStyleNum="dsOperator"     name="Operator"    />
    </itemDatas>
  </highlighting>

  <general>
    <comments>
      <comment name="singleLine" start="//" />
      <comment name="multiLine"  start="/*" end="*/" region="Comment" />
    </comments>
    <keywords casesensitive="1" additionalDeliminator="'&quot;" />
  </general>
</language>
